Workbook

Sheet PRECIFICADOR
B2: ID | C2: GRUPO | D2: SUB-GRUPO | E2: QT | F2: SUB-GRUPO | G2: VALOR | J2: A PARTIR DE | L2: =G5 -> 229000
B4: 1 | C4: PRODUTO | F4: =IF(H4=1, COMBINAÇÕES!B2) -> Tombador | H4: 1 | J4: VALOR TOTAL | L4: =(G5+G6+G7+G8+G9+G10+G11+G12+G13+G14+G15+G16+G17+G18+G19+G20+G21+G22)*G23 -> 420832.62
B5: 2 | C5: TAMANHO | F5: =IF(H5=1,COMBINAÇÕES!D2,IF(H5=2,COMBINAÇÕES!D3,IF(H5=3,COMBINAÇÕES!D4,IF(H5=4,COMBINAÇÕES!D5,IF(H5=5,COMBINAÇÕES!D6,COMBINAÇÕES!D7))))) -> 12 metros | G5: =IF(H5=1,COMBINAÇÕES!E2,IF(H5=2,COMBINAÇÕES!E3,IF(H5=3,COMBINAÇÕES!E4,IF(H5=4,COMBINAÇÕES!E5,IF(H5=5,COMBINAÇÕES!E6,COMBINAÇÕES!E7))))) -> 229000 | H5: 2
B6: 3 | C6: TIPO DE PISO | F6: =IF(H6=1,COMBINAÇÕES!AB2,IF(H6=2,COMBINAÇÕES!AB3,IF(H6=3,COMBINAÇÕES!AB4,IF(H6=4,COMBINAÇÕES!AB5,IF(H6=5,COMBINAÇÕES!AB6,COMBINAÇÕES!AB7))))) -> 0 | G6: =IF(H6=1,COMBINAÇÕES!AC2,IF(H6=2,COMBINAÇÕES!AC3,IF(H6=3,COMBINAÇÕES!AC4,IF(H6=4,COMBINAÇÕES!AC5,IF(H6=5,COMBINAÇÕES!AC6,COMBINAÇÕES!AC7))))) -> 0 | H6: 2 | J6: PRODUTO | L6: =IFERROR(F4,"") & ", " & IFERROR(F5,"") & ", " & IFERROR(F6,"") & ", " & IFERROR(F7,"") & ", " & IFERROR(F8,"") & ", " & IFERROR(F9,"") & ", " & IFERROR(F10,"") & ", " & IFERROR(F11,"") & ", " & IFERROR(F12,"") & ", " & IFERROR(F13,"") & ", " & IFERROR(F14,"") & ", " & IFERROR(F15,"") & ", " & IFERROR(F16,"") & ", " & IFERROR(F17,"") & ", " & IFERROR(F18,"") & ", " & IFERROR(F19,"") & ", " & IFERROR(F20,"") & ", " & IFERROR(F21,"") & ", " & IFERROR(F22,"") -> Tombador, 12 metros, 0, [11/12/18/21/26/30] 35, [11/12/18/21/26/30] Interno, [18] Moldura móvel (obrigatório escolher tipo de rampa), [11/12] Um jogo de rampas fixas, [11/12/18/21/26/30] Sem calha lateral, 0, [11/12/18/21/26/30] Com trava pino, [11/12/18/21/26/30] Com calço mecânico manual, [11/12/18/21/26/30] Com pedestal do motorista, [11/12//18/21/26/30] Com enclasuramento com módulo de 2,5 m de comprimento x 2,0 m de altura, [11/12/18/21/26/30] Portão do caminhão (entrada ou saída) (fechadura e tubulação elétrica), [11/12] Manual, 105 segundos de subida, [11/12/18/21/26/30] Controle remoto sem fio, [11/12/18/21/26/30] Sem kit diálise [SEM ENCONOMIZADOR], [11/12/18/21/26/30] Sem Pili Tech, [11/12/18/21/26/30] Sem assinatura
B7: 4 | C7: INCLINAÇÃO | F7: =IF(H7=1,COMBINAÇÕES!G2,IF(H7=2,COMBINAÇÕES!G3,COMBINAÇÕES!G4)) -> [11/12/18/21/26/30] 35 | G7: =IF(H7=1,COMBINAÇÕES!H2,IF(H7=2,COMBINAÇÕES!H3,COMBINAÇÕES!H4)) -> 0 | H7: 1
B8: 5 | C8: APLICAÇÃO DO CILINDRO | F8: =IF(H8=1,COMBINAÇÕES!P2,IF(H8=2,COMBINAÇÕES!P3,IF(H8=3,COMBINAÇÕES!P4,IF(H8=4,COMBINAÇÕES!P5,COMBINAÇÕES!P6)))) -> [11/12/18/21/26/30] Interno | G8: =IF(H8=1,COMBINAÇÕES!Q2,IF(H8=2,COMBINAÇÕES!Q3,IF(H8=3,COMBINAÇÕES!Q4,IF(H8=4,COMBINAÇÕES!Q5,COMBINAÇÕES!Q6)))) -> 0 | H8: 1
B9: 6 | C9: TIPO DE MOLDURA | F9: =IF(H9=1,COMBINAÇÕES!V2,IF(H8=2,COMBINAÇÕES!V3,IF(H8=3,COMBINAÇÕES!V4,IF(H8=4,COMBINAÇÕES!V5,IF(H8=5,COMBINAÇÕES!V6,IF(H8=6,COMBINAÇÕES!V7,IF(H8=7,COMBINAÇÕES!V8,IF(H8=8,COMBINAÇÕES!V9,IF(H8=9,COMBINAÇÕES!V10,COMBINAÇÕES!V11))))))))) -> [18] Moldura móvel (obrigatório escolher tipo de rampa) | G9: =IF(H9=1,COMBINAÇÕES!W2,IF(H9=2,COMBINAÇÕES!W3,IF(H9=3,COMBINAÇÕES!W4,IF(H9=4,COMBINAÇÕES!W5,IF(H9=5,COMBINAÇÕES!W6,IF(H9=6,COMBINAÇÕES!W7,IF(H9=7,COMBINAÇÕES!W8,IF(H9=8,COMBINAÇÕES!W9,IF(H9=9,COMBINAÇÕES!W10,COMBINAÇÕES!W11))))))))) -> 12000 | H9: 2
B10: 7 | C10: TIPO DE RAMPA | F10: =IF(H10=1,COMBINAÇÕES!S2,IF(H10=2,COMBINAÇÕES!S3,IF(H10=3,COMBINAÇÕES!S4,IF(H10=4,COMBINAÇÕES!S5,IF(H10=5,COMBINAÇÕES!S6,IF(H10=6,COMBINAÇÕES!S7,IF(H10=7,COMBINAÇÕES!S8,IF(H10=8,COMBINAÇÕES!S9,IF(H10=9,COMBINAÇÕES!S10,COMBINAÇÕES!S11))))))))) -> [11/12] Um jogo de rampas fixas | G10: =IF(H10=1,COMBINAÇÕES!T2,IF(H10=2,COMBINAÇÕES!T3,IF(H10=3,COMBINAÇÕES!T4,IF(H10=4,COMBINAÇÕES!T5,IF(H10=5,COMBINAÇÕES!T6,IF(H10=6,COMBINAÇÕES!T7,IF(H10=7,COMBINAÇÕES!T8,IF(H10=8,COMBINAÇÕES!T9,IF(H10=9,COMBINAÇÕES!T10,COMBINAÇÕES!T11))))))))) -> 5780 | H10: 2
B11: 8 | C11: TIPO DE CALHA | F11: =IF(H11=1,COMBINAÇÕES!AS2,IF(H11=2,COMBINAÇÕES!AS3,COMBINAÇÕES!AS4)) -> [11/12/18/21/26/30] Sem calha lateral | G11: =IF(H11=1,COMBINAÇÕES!AU2,IF(H11=2,COMBINAÇÕES!AU3,COMBINAÇÕES!AU4))*I11 -> 0 | H11: 1 | I11: 1
B12: 9 | C12: TRAVA CHASSI | F12: =IF(H12=1,COMBINAÇÕES!AW2,IF(H12=2,COMBINAÇÕES!AW3,COMBINAÇÕES!AW4)) -> 0 | G12: =IF(H12=1,COMBINAÇÕES!AY2,IF(H12=2,COMBINAÇÕES!AY3,COMBINAÇÕES!AY4)) -> 0 | H12: 2
B13: 10 | C13: TRAVA PINO | F13: =IF(H13=1,COMBINAÇÕES!Y2,COMBINAÇÕES!Y3) -> [11/12/18/21/26/30] Com trava pino | G13: =IF(H13=1,COMBINAÇÕES!Z2,COMBINAÇÕES!Z3) -> 165000 | H13: 2
B14: 11 | C14: TIPO DE CALÇO | F14: =IF(H14=1,COMBINAÇÕES!AM2,IF(H14=2,COMBINAÇÕES!AM3,COMBINAÇÕES!AM4)) -> [11/12/18/21/26/30] Com calço mecânico manual | G14: =IF(H14=1,COMBINAÇÕES!AN2,IF(H14=2,COMBINAÇÕES!AN3,COMBINAÇÕES!AN4)) -> 5800 | H14: 2
B15: 12 | C15: TIPO DE PEDESTAL | F15: =IF(H15=1,COMBINAÇÕES!AP2,COMBINAÇÕES!AP3) -> [11/12/18/21/26/30] Com pedestal do motorista | G15: =IF(H15=1,COMBINAÇÕES!AQ2,COMBINAÇÕES!AQ3) -> 2800 | H15: 2
B16: 13 | C16: ENCLAUSURAMENTO | F16: =IF(H16=1,COMBINAÇÕES!AE2,IF(H16=2,COMBINAÇÕES!AE3,IF(H16=3,COMBINAÇÕES!AE4,COMBINAÇÕES!AE5))) -> [11/12//18/21/26/30] Com enclasuramento com módulo de 2,5 m de comprimento x 2,0 m de altura | G16: =IF(H16=1,COMBINAÇÕES!AG2,IF(H16=2,COMBINAÇÕES!AG3,IF(H16=3,COMBINAÇÕES!AG4,COMBINAÇÕES!AG5))) -> 1250 | H16: 2
B17: 14 | C17: TIPO DE PORTÃO | F17: =IF(H17=1,COMBINAÇÕES!AI2,IF(H17=2,COMBINAÇÕES!AI3,IF(H7=3,COMBINAÇÕES!AI4,COMBINAÇÕES!AI5))) -> [11/12/18/21/26/30] Portão do caminhão (entrada ou saída) (fechadura e tubulação elétrica) | G17: =IF(H17=1,COMBINAÇÕES!AK2,IF(H17=2,COMBINAÇÕES!AK3,IF(H17=3,COMBINAÇÕES!AK4,COMBINAÇÕES!AK5)))*I17 -> 5800 | H17: 4 | I17: 1
B18: 15 | C18: CENTRAL HIDRÁULICA | F18: =IF(H18=1,COMBINAÇÕES!J2,IF(H18=2,COMBINAÇÕES!J3,IF(H18=3,COMBINAÇÕES!J4,IF(H18=4,COMBINAÇÕES!J5,IF(H18=5,COMBINAÇÕES!J6,IF(H18=6,COMBINAÇÕES!J7,IF(H18=7,COMBINAÇÕES!J8,IF(H18=8,COMBINAÇÕES!J9,IF(H18=9,COMBINAÇÕES!J10,IF(H18=10,COMBINAÇÕES!J11,IF(H18=11,COMBINAÇÕES!J12,IF(H18=12,COMBINAÇÕES!J13,IF(H18=13,COMBINAÇÕES!J14,COMBINAÇÕES!J15))))))))))))) -> [11/12] Manual, 105 segundos de subida | G18: =IF(H18=1,COMBINAÇÕES!K2,IF(H18=2,COMBINAÇÕES!K3,IF(H18=3,COMBINAÇÕES!K4,IF(H18=4,COMBINAÇÕES!K5,IF(H18=5,COMBINAÇÕES!K6,IF(H18=6,COMBINAÇÕES!K7,IF(H18=7,COMBINAÇÕES!K8,IF(H18=8,COMBINAÇÕES!K9,IF(H18=9,COMBINAÇÕES!K10,IF(H18=10,COMBINAÇÕES!K11,IF(H18=11,COMBINAÇÕES!K12,IF(H18=12,COMBINAÇÕES!K13,IF(H18=13,COMBINAÇÕES!K14,COMBINAÇÕES!K15))))))))))))) -> 34000 | H18: 3
B19: 16 | C19: PAINEL ELÉTRICO | F19: =IF(H19=1,COMBINAÇÕES!M2,IF(H19=2,COMBINAÇÕES!M3,COMBINAÇÕES!M4)) -> [11/12/18/21/26/30] Controle remoto sem fio | G19: =IF(H19=1,COMBINAÇÕES!N2,IF(H19=2,COMBINAÇÕES!N3,COMBINAÇÕES!N4)) -> 9300 | H19: 2
B20: 17 | C20: KIT DIÁLISE | F20: =IF(H20=1,COMBINAÇÕES!BA2,COMBINAÇÕES!BA3) -> [11/12/18/21/26/30] Sem kit diálise [SEM ENCONOMIZADOR] | G20: =IF(H20=1,COMBINAÇÕES!BB2,COMBINAÇÕES!BB3) -> 0 | H20: 1
B21: 18 | C21: PILI TECH | F21: =IF(H21=1,COMBINAÇÕES!BD2,COMBINAÇÕES!BD3) -> [11/12/18/21/26/30] Sem Pili Tech | G21: =IF(H21=1,COMBINAÇÕES!BE2,COMBINAÇÕES!BE3) -> 0 | H21: 1
B22: 19 | C22: TELEMETRIA PILI TECH | F22: =IF(H22=1,COMBINAÇÕES!BG2,COMBINAÇÕES!BG3) -> [11/12/18/21/26/30] Sem assinatura | G22: =IF(H22=1,COMBINAÇÕES!BI2,COMBINAÇÕES!BI3)*I22 -> 0 | H22: 1 | I22: 1 | J22: COMISSÃO | L22: =IF(H23=1,COMBINAÇÕES!BM2,IF(H23=2,COMBINAÇÕES!BM3,COMBINAÇÕES!BM4)) -> 0.048
B23: 20 | C23: DESCONTO | F23: =IF(H23=1,COMBINAÇÕES!BK2,IF(H23=2,COMBINAÇÕES!BK3,COMBINAÇÕES!BK4)) -> 0.106 | G23: =IF(H23=1,COMBINAÇÕES!BL2,IF(H23=2,COMBINAÇÕES!BL3,COMBINAÇÕES!BL4)) -> 0.894 | H23: 3 | J23: COMISSÃO | L23: =L22*L4 -> 20199.966

Sheet COMBINAÇÕES
A1: COD1 | B1: PRODUTO | C1: COD2 | D1: TAMANHO | E1: PREÇO | F1: COD3 | G1: INCLINAÇÃO | H1: PREÇO | I1: COD4 | J1: CENTRAL HIDRÁULICA | K1: PREÇO | L1: COD5 | M1: PAINEL ELÉTRICO | N1: PREÇO | O1: COD6 | P1: APLICAÇÃO DO CILINDRO | Q1: PREÇO | R1: COD7 | S1: TIPO DE RAMPA | T1: PREÇO | U1: COD8 | V1: TIPO DE MOLDURA | W1: PREÇO | X1: COD9 | Y1: TRAVA PINO | Z1: PREÇO | AA1: COD10 | AB1: TIPO DE PISO | AC1: PREÇO | AD1: COD11 | AE1: ENCLAUSURAMENTO | AF1: qt | AG1: PREÇO | AH1: COD12 | AI1: TIPO DE PORTÃO | AJ1: QT | AK1: PREÇO | AL1: COD13 | AM1: TIPO DE CALÇO | AN1: PREÇO | AO1: COD14 | AP1: TIPO DE PEDESTAL DO MOTORISTA | AQ1: PREÇO | AR1: COD15 | AS1: TIPO DE CALHA | AT1: QT | AU1: PREÇO | AV1: COD16 | AW1: TRAVA CHASSI | AX1: QT | AY1: PREÇO | AZ1: COD17 | BA1: KIT DIÁLISE | BB1: PREÇO | BC1: COD19 | BD1: TELEMETRIA PILI TECH | BE1: PREÇO | BF1: COD20 | BG1: ASSINATURA PILI TECH | BH1: QT | BI1: PREÇO | BJ1: COD21 | BK1: DESCONTO | BL1: FATOR | BM1: COMISSÃO | BN1: QUANTIDADE
A2: 1 | B2: Tombador | C2: 1 | D2: 11 metros | E2: 226000 | F2: 1 | G2: [11/12/18/21/26/30] 35 | H2: 0 | I2: 1 | L2: 1 | M2: [11/12/18/21/26/30] Sem | N2: 0 | O2: 1 | P2: [11/12/18/21/26/30] Interno | Q2: 0 | R2: 1 | S2: [11/12] Sem rampa | T2: 0 | U2: 1 | V2: [11/12] Sem moldura | W2: 0 | X2: 1 | Y2: [11/12/18/21/26/30] Sem trava pino | Z2: 0 | AA2: 1 | AB2: [11/12] Piso fechado | AC2: 0 | AD2: 1 | AE2: [11/12/18/21/26/30] Sem enclausuramento | AG2: 0 | AH2: 1 | AI2: [11/12/18/21/26/30] Sem portão | AJ2: 0 | AK2: 0 | AL2: 1 | AM2: [11/12/18/21/26/30] Sem calço mecânico | AN2: 0 | AO2: 1 | AP2: [11/12/18/21/26/30] Sem pedestal do motorista | AQ2: 0 | AR2: 1 | AS2: [11/12/18/21/26/30] Sem calha lateral | AT2: 1 | AU2: 0 | AV2: 1 | AW2: [11/12/18/21/26/30] Trava chassi fixo | AY2: 0 | AZ2: 1 | BA2: [11/12/18/21/26/30] Sem kit diálise [SEM ENCONOMIZADOR] | BB2: 0 | BC2: 1 | BD2: [11/12/18/21/26/30] Sem Pili Tech | BE2: 0 | BF2: 1 | BG2: [11/12/18/21/26/30] Sem assinatura | BH2: 0 | BI2: 0 | BJ2: 1 | BK2: 0 | BL2: 1 | BM2: 0.08 | BN2: 1
C3: 2 | D3: 12 metros | E3: 229000 | F3: 2 | G3: [11/12] 40 | H3: 0 | I3: 2 | J3: [11/12] Contrapeso, 105 segundos de subida | K3: 30000 | L3: 2 | M3: [11/12/18/21/26/30] Controle remoto sem fio | N3: 9300 | O3: 2 | P3: [11/12] Externo | Q3: 10320 | R3: 2 | S3: [11/12] Um jogo de rampas fixas | T3: 5780 | U3: 2 | V3: [11/12] 1/4 moldura | W3: 12000 | X3: 2 | Y3: [11/12/18/21/26/30] Com trava pino | Z3: 165000 | AA3: 2 | AD3: 2 | AE3: [11/12//18/21/26/30] Com enclasuramento com módulo de 2,5 m de comprimento x 2,0 m de altura | AG3: 1250 | AH3: 2 | AL3: 2 | AM3: [11/12/18/21/26/30] Com calço mecânico manual | AN3: 5800 | AO3: 2 | AP3: [11/12/18/21/26/30] Com pedestal do motorista | AQ3: 2800 | AR3: 2 | AS3: [11/12/18/26/30] Com calha lateral 2 x 3,00 m de comprimento x 1,25 m de altura | AT3: 1 | AU3: 5400 | AV3: 2 | AZ3: 2 | BA3: [11/12/18/21/26/30] Com kit diálise [COM ECONOMIZADOR] | BB3: 3000 | BC3: 2 | BD3: [11/12/18/21/26/30] Com Pili Tech | BE3: 5000 | BF3: 2 | BG3: [11/12/18/21/26/30] Com assinatura | BH3: 1 | BI3: 200 | BJ3: 2 | BK3: =0.055%*100 -> 0.055 | BL3: 0.945 | BM3: 0.064 | BN3: 2
C4: 3 | D4: 18 metros | E4: 335600 | F4: 3 | G4: [18] 40 | H4: 20750 | I4: 3 | J4: [11/12] Manual, 105 segundos de subida | K4: 34000 | L4: 3 | M4: [11/12/18/21/26/30] Controle remoto com fio | N4: 9300 | O4: 3 | P4: [18/21] Externo | Q4: 14000 | R4: 3 | S4: [11/12] Dois jogos de rampas fixas | T4: 11560 | U4: 3 | V4: [11/12] 1/2 moldura | W4: 15500 | AA4: 3 | AB4: [18] Piso fechado | AC4: 0 | AD4: 3 | AH4: 3 | AI4: [11/12/18/21/26/30] Portão do motorista (fechadura e tubulação elétrica) | AJ4: 1 | AK4: 4950 | AL4: 3 | AM4: [11/12/18/21/26/30] Com calço mecânico hidráulico | AN4: 9800 | AW4: [21/26/30] Trava chassi móvel | AY4: 55000 | BJ4: 3 | BK4: =0.106%*100 -> 0.106 | BL4: 0.894 | BM4: 0.048 | BN4: 3
C5: 4 | D5: 21 metros | E5: 455000 | I5: 4 | J5: [11/12] Elétrico, 105 segundos de subida | K5: 37370 | O5: 4 | P5: [26] Externo | Q5: 295000 | R5: 4 | S5: [11/12] Um jogo de rampa móveis | T5: 2800 | U5: 4 | V5: [11/12] Moldura completa | W5: 29000 | AA5: 4 | AD5: 4 | AH5: 4 | AI5: [11/12/18/21/26/30] Portão do caminhão (entrada ou saída) (fechadura e tubulação elétrica) | AJ5: 1 | AK5: 5800 | BN5: 4
C6: 5 | D6: 26 metros | E6: 789000 | I6: 5 | J6: [18] Motor 1x40 CV + 1x40 CV + 550 litros de óleo, com economizador, 40 graus, 155 segundos de subida | K6: 59000 | O6: 5 | P6: [30] Externo | Q6: 255000 | R6: 5 | S6: [11/12] Dois jogos de rampas móveis | T6: 5600 | U6: 5 | V6: [11/12] Moldura móvel (obrigatório escolher tipo de rampa) | W6: 87500 | AA6: 5 | AB6: [21/26/30] Piso fechado | AC6: -25000 | BN6: 5
C7: 6 | D7: 30 metros | E7: 986000 | I7: 6 | J7: [18] Motor 1x40 CV + 700 litros de óleo, sem econmizador, 40 graus, 155 segundos de subida | K7: 52500 | R7: 6 | S7: [18/21/26/30] Sem rampa | T7: 0 | U7: 6 | V7: [18/21/26/30] Sem moldura | W7: 0 | AA7: 6 | AB7: [21/26/30] Piso gradeado | AC7: 0
I8: 7 | J8: [18] Motor 1x30 CV, 550 litros de óleo, sem economizador, com estrela triângulo, 35 graus, 175 segundos de subida | K8: 46320 | R8: 7 | S8: [18/21/26/30] Um jogo de rampas fixas | T8: 7000 | U8: 7 | V8: [18/21/26/30] 1/4 moldura | W8: 12300
I9: 8 | J9: [21] Motor 1x50 CV + 1x4 CV + 550 litros de óleo, com economizador de energia, 40 graus, 155 segundos de subida | K9: 66000 | R9: 8 | S9: [18/21/26/30] Dois jogos de rampas fixas | T9: 14000 | U9: 8 | V9: [18/21/26/30] 1/2 moldura | W9: 20500
I10: 9 | J10: [21] Motor 1x50 CV + 700 litros de óleo, sem economizador de energia, 40 graus, 155 segundos de subida | K10: 59500 | R10: 9 | S10: [18/21/26/30] Um jogo de rampas com cilindro | T10: 9500 | U10: 9 | V10: [18/21/26/30] Moldura completa | W10: 35000
I11: 10 | J11: [21] Motor 1x30 CV, 550 litros de óleo, sem economizador, com estrela triângulo, 35 graus, 210 segundos de subida | K11: 46000 | R11: 10 | S11: [18/21/26/30] Dois jogos de rampas com cilindros | T11: 19000 | U11: 10 | V11: [18] Moldura móvel (obrigatório escolher tipo de rampa) | W11: 174000
I12: 11 | J12: [26] Motor 2x50 CV + 1x4 CV + 1000 litros de óleo, com economizado de energia, 40 graus, 135 segundos de subida | K12: 116000 | V12: [21] Moldura móvel (obrigatório escolher tipo de rampa) | W12: 194000
I13: 12 | J13: [26] Motor 1x60 CV + 1500 litros de óleo, sem economizador de energia, 40 graus, 225 segundos de subida | K13: 77000
I14: 13 | J14: [30] Motor 2x50 CV + 1x4 CV + 1000 litros de óleo, com economizado de energia, 40 graus, 180 segundos de subida | K14: 150000
I15: 14 | J15: [30] Motor 1x60 CV + 1500 litros de óleo, sem economizador de energia, 40 graus, 300 segundos de subida | K15: 95000
